#,Event,Date,Venue,Location,Attendance
585,UFC Fight Night: Holloway vs. Rodríguez,"Nov 13, 2021",UFC Apex,"Las Vegas, Nevada, U.S.",N/A
584,UFC 268: Usman vs. Covington 2,"Nov 6, 2021",Madison Square Garden,"New York City, New York, U.S.","20,715"
583,UFC 267: Błachowicz vs. Teixeira,"Oct 30, 2021",Etihad Arena,"Abu Dhabi, United Arab Emirates","10,171"
582,UFC Fight Night: Costa vs. Vettori,"Oct 23, 2021",UFC Apex,"Las Vegas, Nevada, U.S.",N/A
581,UFC Fight Night: Ladd vs. Dumont,"Oct 16, 2021",,,N/A
580,UFC Fight Night: Dern vs. Rodriguez,"Oct 9, 2021",,,N/A
579,UFC Fight Night: Santos vs. Walker,"Oct 2, 2021",,,N/A
578,UFC 266: Volkanovski vs. Ortega,"Sep 25, 2021",T-Mobile Arena,,"19,029"
577,UFC Fight Night: Smith vs. Spann,"Sep 18, 2021",UFC Apex,,N/A
576,UFC Fight Night: Brunson vs. Till,"Sep 4, 2021",,,N/A
575,UFC on ESPN: Barboza vs. Chikadze,"Aug 28, 2021",,,N/A
574,UFC on ESPN: Cannonier vs. Gastelum,"Aug 21, 2021",,,N/A
573,UFC 265: Lewis vs. Gane,"Aug 7, 2021",Toyota Center,"Houston, Texas, U.S.","16,604"
572,UFC on ESPN: Hall vs. Strickland,"Jul 31, 2021",UFC Apex,"Las Vegas, Nevada, U.S.",N/A
571,UFC on ESPN: Sandhagen vs. Dillashaw,"Jul 24, 2021",,,51
570,UFC on ESPN: Makhachev vs. Moisés,"Jul 17, 2021",,,0
569,UFC 264: Poirier vs. McGregor 3,"Jul 10, 2021",T-Mobile Arena,,"20,062"
568,UFC Fight Night: Gane vs. Volkov,"Jun 26, 2021",UFC Apex,,0
567,UFC on ESPN: The Korean Zombie vs. Ige,"Jun 19, 2021",,,
566,UFC 263: Adesanya vs. Vettori 2,"Jun 12, 2021",Gila River Arena,"Glendale, Arizona, U.S.","17,208"
565,UFC Fight Night: Rozenstruik vs. Sakai,"Jun 5, 2021",UFC Apex,"Las Vegas, Nevada, U.S.",0
564,UFC Fight Night: Font vs. Garbrandt,"May 22, 2021",,,
563,UFC 262: Oliveira vs. Chandler,"May 15, 2021",Toyota Center,"Houston, Texas, U.S.","16,005"
562,UFC on ESPN: Rodriguez vs. Waterson,"May 8, 2021",UFC Apex,"Las Vegas, Nevada, U.S.",0
561,UFC on ESPN: Reyes vs. Procházka,"May 1, 2021",,,
560,UFC 261: Usman vs. Masvidal 2,"Apr 24, 2021",VyStar Veterans Memorial Arena,"Jacksonville, Florida, U.S.","15,269"
559,UFC on ESPN: Whittaker vs. Gastelum,"Apr 17, 2021",UFC Apex,"Las Vegas, Nevada, U.S.",0
558,UFC on ABC: Vettori vs. Holland,"Apr 10, 2021",,,
557,UFC 260: Miocic vs. Ngannou 2,"Mar 27, 2021",,,
556,UFC on ESPN: Brunson vs. Holland,"Mar 20, 2021",,,
555,UFC Fight Night: Edwards vs. Muhammad,"Mar 13, 2021",,,
554,UFC 259: Błachowicz vs. Adesanya,"Mar 6, 2021",,,
553,UFC Fight Night: Rozenstruik vs. Gane,"Feb 27, 2021",,,
552,UFC Fight Night: Blaydes vs. Lewis,"Feb 20, 2021",,,
551,UFC 258: Usman vs. Burns,"Feb 13, 2021",,,
550,UFC Fight Night: Overeem vs. Volkov,"Feb 6, 2021",,,
549,UFC 257: Poirier vs. McGregor 2,"Jan 24, 2021",Etihad Arena,"Abu Dhabi, United Arab Emirates","2,600"
548,UFC on ESPN: Chiesa vs. Magny,"Jan 20, 2021",,,"2,000"
547,UFC on ABC: Holloway vs. Kattar,"Jan 16, 2021",,,
546,UFC Fight Night: Thompson vs. Neal,"Dec 19, 2020",UFC Apex,"Las Vegas, Nevada, U.S.",0
545,UFC 256: Figueiredo vs. Moreno,"Dec 12, 2020",,,
544,UFC on ESPN: Hermansson vs. Vettori,"Dec 5, 2020",,,
543,UFC on ESPN: Smith vs. Clark,"Nov 28, 2020",,,
542,UFC 255: Figueiredo vs. Perez,"Nov 21, 2020",,,
541,UFC Fight Night: Felder vs. dos Anjos,"Nov 14, 2020",,,
540,UFC on ESPN: Santos vs. Teixeira,"Nov 7, 2020",,,
539,UFC Fight Night: Hall vs. Silva,"Oct 31, 2020",,,
538,UFC 254: Khabib vs. Gaethje,"Oct 24, 2020",du Forum,"Abu Dhabi, United Arab Emirates",
537,UFC Fight Night: Ortega vs. The Korean Zombie,"Oct 18, 2020",,,
536,UFC Fight Night: Moraes vs. Sandhagen,"Oct 11, 2020",,,
535,UFC on ESPN: Holm vs. Aldana,"Oct 4, 2020",,,
534,UFC 253: Adesanya vs. Costa,"Sep 27, 2020",,,
533,UFC Fight Night: Covington vs. Woodley,"Sep 19, 2020",UFC Apex,"Las Vegas, Nevada, U.S.",
532,UFC Fight Night: Waterson vs. Hill,"Sep 12, 2020",,,
531,UFC Fight Night: Overeem vs. Sakai,"Sep 5, 2020",,,
530,UFC Fight Night: Smith vs. Rakić,"Aug 29, 2020",,,
529,UFC on ESPN: Munhoz vs. Edgar,"Aug 22, 2020",,,
528,UFC 252: Miocic vs. Cormier 3,"Aug 15, 2020",,,
527,UFC Fight Night: Lewis vs. Oleinik,"Aug 8, 2020",,,
526,UFC Fight Night: Brunson vs. Shahbazyan,"Aug 1, 2020",,,
525,UFC on ESPN: Whittaker vs. Till,"Jul 26, 2020",du Forum,"Abu Dhabi, United Arab Emirates",
524,UFC Fight Night: Figueiredo vs. Benavidez 2,"Jul 19, 2020",,,
523,UFC on ESPN: Kattar vs. Ige,"Jul 16, 2020",,,
522,UFC 251: Usman vs. Masvidal,"Jul 12, 2020",,,
521,UFC on ESPN: Poirier vs. Hooker,"Jun 27, 2020",UFC Apex,"Las Vegas, Nevada, U.S.",
520,UFC on ESPN: Blaydes vs. Volkov,"Jun 20, 2020",,,
519,UFC on ESPN: Eye vs. Calvillo,"Jun 13, 2020",,,
518,UFC 250: Nunes vs. Spencer,"Jun 6, 2020",,,
517,UFC on ESPN: Woodley vs. Burns,"May 30, 2020",,,
516,UFC on ESPN: Overeem vs. Harris,"May 16, 2020",VyStar Veterans Memorial Arena,"Jacksonville, Florida, U.S.",
515,UFC Fight Night: Smith vs. Teixeira,"May 13, 2020",,,
514,UFC 249: Ferguson vs. Gaethje,"May 9, 2020",,,
—,UFC Fight Night: Hermansson vs. Weidman,"May 2, 2020",Chesapeake Energy Arena,"Oklahoma City, Oklahoma, U.S.",Cancelled
—,UFC Fight Night: Smith vs. Teixeira,"Apr 25, 2020",Pinnacle Bank Arena,"Lincoln, Nebraska, U.S.",
—,UFC Fight Night: Overeem vs. Harris,"Apr 11, 2020",Moda Center,"Portland, Oregon, U.S.",
—,UFC on ESPN: Ngannou vs. Rozenstruik,"Mar 28, 2020",Nationwide Arena,"Columbus, Ohio, U.S.",
—,UFC Fight Night: Woodley vs. Edwards,"Mar 21, 2020",The O2 Arena,"London, England, U.K.",
513,UFC Fight Night: Lee vs. Oliveira,"Mar 14, 2020",Ginásio Nilson Nelson,"Brasília, Brazil",0
512,UFC 248: Adesanya vs. Romero,"Mar 7, 2020",T-Mobile Arena,"Las Vegas, Nevada, U.S.","15,077"
511,UFC Fight Night: Benavidez vs. Figueiredo,"Feb 29, 2020",Chartway Arena,"Norfolk, Virginia, U.S.","7,098"
510,UFC Fight Night: Felder vs. Hooker,"Feb 23, 2020",Spark Arena,"Auckland, New Zealand","10,025"
509,UFC Fight Night: Anderson vs. Błachowicz 2,"Feb 15, 2020",Santa Ana Star Center,"Rio Rancho, New Mexico, U.S.","6,449"
508,UFC 247: Jones vs. Reyes,"Feb 8, 2020",Toyota Center,"Houston, Texas, U.S.","17,401"
507,UFC Fight Night: Blaydes vs. dos Santos,"Jan 25, 2020",PNC Arena,"Raleigh, North Carolina, U.S.","14,533"
506,UFC 246: McGregor vs. Cowboy,"Jan 18, 2020",T-Mobile Arena,"Las Vegas, Nevada, U.S.","19,040"
505,UFC Fight Night: Edgar vs. The Korean Zombie,"Dec 21, 2019",Sajik Arena,"Busan, South Korea","10,651"
504,UFC 245: Usman vs. Covington,"Dec 14, 2019",T-Mobile Arena,"Las Vegas, Nevada, U.S.","16,811"
503,UFC on ESPN: Overeem vs. Rozenstruik,"Dec 7, 2019",Capital One Arena,"Washington, D.C., U.S.","10,816"
502,UFC Fight Night: Błachowicz vs. Jacaré,"Nov 16, 2019",Ginásio do Ibirapuera,"São Paulo, Brazil","10,344"
501,UFC Fight Night: Magomedsharipov vs. Kattar,"Nov 9, 2019",CSKA Arena,"Moscow, Russia","11,305"
500,UFC 244: Masvidal vs. Diaz,"Nov 2, 2019",Madison Square Garden,"New York City, New York, U.S.","20,143"
499,UFC Fight Night: Maia vs. Askren,"Oct 26, 2019",Singapore Indoor Stadium,"Kallang, Singapore","7,155"
498,UFC on ESPN: Reyes vs. Weidman,"Oct 18, 2019",TD Garden,"Boston, Massachusetts, U.S.","12,066"
497,UFC Fight Night: Joanna vs. Waterson,"Oct 12, 2019",Amalie Arena,"Tampa, Florida, U.S.","10,597"
496,UFC 243: Whittaker vs. Adesanya,"Oct 5, 2019",Marvel Stadium,"Melbourne, Australia","57,127"
495,UFC Fight Night: Hermansson vs. Cannonier,"Sep 28, 2019",Royal Arena,"Copenhagen, Denmark","12,767"
494,UFC Fight Night: Rodríguez vs. Stephens,"Sep 21, 2019",Arena Ciudad de México,"Mexico City, Mexico","10,112"
493,UFC Fight Night: Cowboy vs. Gaethje,"Sep 14, 2019",Rogers Arena,"Vancouver, British Columbia, Canada","15,114"
492,UFC 242: Khabib vs. Poirier,"Sep 7, 2019","The Arena, Yas Island","Abu Dhabi, United Arab Emirates",N/A
491,UFC Fight Night: Andrade vs. Zhang,"Aug 31, 2019",Shenzhen Universiade Sports Centre,"Shenzhen, China","10,302"
490,UFC 241: Cormier vs. Miocic 2,"Aug 17, 2019",Honda Center,"Anaheim, California, U.S.","17,304"
489,UFC Fight Night: Shevchenko vs. Carmouche 2,"Aug 10, 2019",Antel Arena,"Montevideo, Uruguay","9,225"
488,UFC on ESPN: Covington vs. Lawler,"Aug 3, 2019",Prudential Center,"Newark, New Jersey, U.S.","10,427"
487,UFC 240: Holloway vs. Edgar,"Jul 27, 2019",Rogers Place,"Edmonton, Alberta, Canada","12,144"
486,UFC on ESPN: dos Anjos vs. Edwards,"Jul 20, 2019",AT&T Center,"San Antonio, Texas, U.S.","9,255"
485,UFC Fight Night: de Randamie vs. Ladd,"Jul 13, 2019",Golden 1 Center,"Sacramento, California, U.S.","10,306"
484,UFC 239: Jones vs. Santos,"Jul 6, 2019",T-Mobile Arena,"Las Vegas, Nevada, U.S.","18,358"
483,UFC on ESPN: Ngannou vs. dos Santos,"Jun 29, 2019",Target Center,"Minneapolis, Minnesota, U.S.","10,123"
482,UFC Fight Night: Moicano vs. The Korean Zombie,"Jun 22, 2019",Bon Secours Wellness Arena,"Greenville, South Carolina, U.S.","7,682"
481,UFC 238: Cejudo vs. Moraes,"Jun 8, 2019",United Center,"Chicago, Illinois, U.S.","16,083"
480,UFC Fight Night: Gustafsson vs. Smith,"Jun 1, 2019",Ericsson Globe,"Stockholm, Sweden","14,319"
479,UFC Fight Night: dos Anjos vs. Lee,"May 18, 2019",Blue Cross Arena,"Rochester, New York, U.S.","8,132"
478,UFC 237: Namajunas vs. Andrade,"May 11, 2019",Jeunesse Arena,"Rio de Janeiro, Brazil","15,193"
477,UFC Fight Night: Iaquinta vs. Cowboy,"May 4, 2019",Canadian Tire Centre,"Ottawa, Ontario, Canada","10,960"
476,UFC Fight Night: Jacaré vs. Hermansson,"Apr 27, 2019",BB&T Center,"Sunrise, Florida, U.S.","12,754"
475,UFC Fight Night: Overeem vs. Oleinik,"Apr 20, 2019",Yubileyny Sports Palace,"Saint Petersburg, Russia","7,236"
474,UFC 236: Holloway vs. Poirier 2,"Apr 13, 2019",State Farm Arena,"Atlanta, Georgia, U.S.","14,297"
473,UFC on ESPN: Barboza vs. Gaethje,"Mar 30, 2019",Wells Fargo Center,"Philadelphia, Pennsylvania, U.S.","11,123"
472,UFC Fight Night: Thompson vs. Pettis,"Mar 23, 2019",Bridgestone Arena,"Nashville, Tennessee, U.S.","10,863"
471,UFC Fight Night: Till vs. Masvidal,"Mar 16, 2019",The O2 Arena,"London, England, U.K.","16,602"
470,UFC Fight Night: Lewis vs. dos Santos,"Mar 9, 2019",Intrust Bank Arena,"Wichita, Kansas, U.S.","7,265"
469,UFC 235: Jones vs. Smith,"Mar 2, 2019",T-Mobile Arena,"Las Vegas, Nevada, U.S","14,790"
468,UFC Fight Night: Błachowicz vs. Santos,"Feb 23, 2019",O2 arena,"Prague, Czech Republic","16,583"
467,UFC on ESPN: Ngannou vs. Velasquez,"Feb 17, 2019",Talking Stick Resort Arena,"Phoenix, Arizona, U.S.","14,269"
466,UFC 234: Adesanya vs. Silva,"Feb 10, 2019",Rod Laver Arena,"Melbourne, Australia","15,238"
465,UFC Fight Night: Assunção vs. Moraes 2,"Feb 2, 2019",Centro de Formação Olímpica do Nordeste,"Fortaleza, Brazil","10,040"
—,UFC 233: Cejudo vs. Dillashaw,"Jan 26, 2019",Honda Center,"Anaheim, California, U.S.",Cancelled
464,UFC Fight Night: Cejudo vs. Dillashaw,"Jan 19, 2019",Barclays Center,"Brooklyn, New York, U.S.","12,152"
463,UFC 232: Jones vs. Gustafsson 2,"Dec 29, 2018",The Forum,"Inglewood, California, U.S.","15,862"
462,UFC on Fox: Lee vs. Iaquinta 2,"Dec 15, 2018",Fiserv Forum,"Milwaukee, Wisconsin, U.S.","9,010"
461,UFC 231: Holloway vs. Ortega,"Dec 8, 2018",Scotiabank Arena,"Toronto, Ontario, Canada","19,039"
460,UFC Fight Night: dos Santos vs. Tuivasa,"Dec 2, 2018",Adelaide Entertainment Centre,"Adelaide, Australia","8,652"
459,The Ultimate Fighter: Heavy Hitters Finale,"Nov 30, 2018",Pearl Theatre,"Las Vegas, Nevada, U.S.","2,020"
458,UFC Fight Night: Blaydes vs. Ngannou 2,"Nov 24, 2018",Cadillac Arena,"Beijing, China","10,302"
457,UFC Fight Night: Magny vs. Ponzinibbio,"Nov 17, 2018",Estadio Mary Terán de Weiss,"Buenos Aires, Argentina","10,245"
456,UFC Fight Night: The Korean Zombie vs. Rodríguez,"Nov 10, 2018",Pepsi Center,"Denver, Colorado, U.S.","11,426"
455,UFC 230: Cormier vs. Lewis,"Nov 3, 2018",Madison Square Garden,"New York City, New York, U.S.","17,011"
454,UFC Fight Night: Volkan vs. Smith,"Oct 27, 2018",Avenir Centre,"Moncton, New Brunswick, Canada","6,282"
453,UFC 229: Khabib vs. McGregor,"Oct 6, 2018",T-Mobile Arena,"Las Vegas, Nevada, U.S","20,034"
452,UFC Fight Night: Santos vs. Anders,"Sep 22, 2018",Ginásio do Ibirapuera,"São Paulo, Brazil","9,485"
451,UFC Fight Night: Hunt vs. Oleinik,"Sep 15, 2018",Olimpiyskiy Stadium,"Moscow, Russia","22,603"
450,UFC 228: Woodley vs. Till,"Sep 8, 2018",American Airlines Center,"Dallas, Texas, U.S.","14,073"
449,UFC Fight Night: Gaethje vs. Vick,"Aug 25, 2018",Pinnacle Bank Arena,"Lincoln, Nebraska, U.S.","6,409"
448,UFC 227: Dillashaw vs. Garbrandt 2,"Aug 4, 2018",Staples Center,"Los Angeles, California, U.S.","17,794"
447,UFC on Fox: Alvarez vs. Poirier 2,"Jul 28, 2018",Scotiabank Saddledome,"Calgary, Alberta, Canada","10,603"
446,UFC Fight Night: Shogun vs. Smith,"Jul 22, 2018",Barclaycard Arena,"Hamburg, Germany","7,798"
445,UFC Fight Night: dos Santos vs. Ivanov,"Jul 14, 2018",CenturyLink Arena,"Boise, Idaho, U.S.","5,648"
444,UFC 226: Miocic vs. Cormier,"Jul 7, 2018",T-Mobile Arena,"Las Vegas, Nevada, U.S","17,464"
443,The Ultimate Fighter: Undefeated Finale,"Jul 6, 2018",Palms Casino Resort,,"2,123"
442,UFC Fight Night: Cowboy vs. Edwards,"Jun 23, 2018",Singapore Indoor Stadium,"Kallang, Singapore","6,419"
441,UFC 225: Whittaker vs. Romero 2,"Jun 9, 2018",United Center,"Chicago, Illinois, U.S.","18,117"
440,UFC Fight Night: Rivera vs. Moraes,"Jun 1, 2018",Adirondack Bank Center,"Utica, New York, U.S.","5,063"
439,UFC Fight Night: Thompson vs. Till,"May 27, 2018",Echo Arena,"Liverpool, England, U.K.","8,520"
438,UFC Fight Night: Maia vs. Usman,"May 19, 2018",Movistar Arena,"Santiago, Chile","11,082"
437,UFC 224: Nunes vs. Pennington,"May 12, 2018",Jeunesse Arena,"Rio de Janeiro, Brazil","10,696"
436,UFC Fight Night: Barboza vs. Lee,"Apr 21, 2018",Boardwalk Hall,"Atlantic City, New Jersey, U.S.","9,541"
435,UFC on Fox: Poirier vs. Gaethje,"Apr 14, 2018",Gila River Arena,"Glendale, Arizona, U.S.","11,382"
434,UFC 223: Khabib vs. Iaquinta,"Apr 7, 2018",Barclays Center,"Brooklyn, New York, U.S.","17,026"
433,UFC Fight Night: Werdum vs. Volkov,"Mar 17, 2018",The O2 Arena,"London, England, U.K.","16,274"
432,UFC 222: Cyborg vs. Kunitskaya,"Mar 3, 2018",T-Mobile Arena,"Las Vegas, Nevada, U.S.","12,041"
431,UFC on Fox: Emmett vs. Stephens,"Feb 24, 2018",Amway Center,"Orlando, Florida, U.S.","10,124"
430,UFC Fight Night: Cowboy vs. Medeiros,"Feb 18, 2018",Frank Erwin Center,"Austin, Texas, U.S.","10,502"
429,UFC 221: Romero vs. Rockhold,"Feb 11, 2018",Perth Arena,"Perth, Australia","12,437"
428,UFC Fight Night: Machida vs. Anders,"Feb 3, 2018",Arena Guilherme Paraense,"Belém, Brazil","10,144"
427,UFC on Fox: Jacaré vs. Brunson 2,"Jan 27, 2018",Spectrum Center,"Charlotte, North Carolina, U.S.","10,249"
426,UFC 220: Miocic vs. Ngannou,"Jan 20, 2018",TD Garden,"Boston, Massachusetts, U.S.","16,015"
425,UFC Fight Night: Stephens vs. Choi,"Jan 14, 2018",Scottrade Center,"St. Louis, Missouri, U.S.","10,052"
424,UFC 219: Cyborg vs. Holm,"Dec 30, 2017",T-Mobile Arena,"Las Vegas, Nevada, U.S.","13,561"
423,UFC on Fox: Lawler vs. dos Anjos,"Dec 16, 2017",Bell MTS Place,"Winnipeg, Manitoba, Canada","8,862"
422,UFC Fight Night: Swanson vs. Ortega,"Dec 9, 2017",Save Mart Center,"Fresno, California, U.S.","7,605"
421,UFC 218: Holloway vs. Aldo 2,"Dec 2, 2017",Little Caesars Arena,"Detroit, Michigan, U.S.","17,587"
420,The Ultimate Fighter: A New World Champion Finale,"Dec 1, 2017",Park Theater,"Las Vegas, Nevada, U.S.",N/A
419,UFC Fight Night: Bisping vs. Gastelum,"Nov 25, 2017",Mercedes-Benz Arena,"Shanghai, China","15,128"
418,UFC Fight Night: Werdum vs. Tybura,"Nov 19, 2017",Qudos Bank Arena,"Sydney, Australia","10,021"
417,UFC Fight Night: Poirier vs. Pettis,"Nov 11, 2017",Ted Constant Convocation Center,"Norfolk, Virginia, U.S.","8,442"
416,UFC 217: Bisping vs. St-Pierre,"Nov 4, 2017",Madison Square Garden,"New York City, New York, U.S.","18,201"
415,UFC Fight Night: Brunson vs. Machida,"Oct 28, 2017",Ginásio do Ibirapuera,"São Paulo, Brazil","10,265"
414,UFC Fight Night: Cowboy vs. Till,"Oct 21, 2017",Ergo Arena,"Gdańsk, Poland","11,138"
413,UFC 216: Ferguson vs. Lee,"Oct 7, 2017",T-Mobile Arena,"Las Vegas, Nevada, U.S.","10,638"
412,UFC Fight Night: Saint Preux vs. Okami,"Sep 23, 2017",Saitama Super Arena,"Saitama, Japan","8,571"
411,UFC Fight Night: Rockhold vs. Branch,"Sep 16, 2017",PPG Paints Arena,"Pittsburgh, Pennsylvania, U.S.","7,005"
410,UFC 215: Nunes vs. Shevchenko 2,"Sep 9, 2017",Rogers Place,"Edmonton, Alberta, Canada","16,232"
409,UFC Fight Night: Volkov vs. Struve,"Sep 2, 2017",Rotterdam Ahoy,"Rotterdam, Netherlands","10,224"
408,UFC Fight Night: Pettis vs. Moreno,"Aug 5, 2017",Arena Ciudad de México,"Mexico City, Mexico","10,172"
407,UFC 214: Cormier vs. Jones 2,"Jul 29, 2017",Honda Center,"Anaheim, California, U.S.","16,610"
406,UFC on Fox: Weidman vs. Gastelum,"Jul 22, 2017",Nassau Veterans Memorial Coliseum,"Uniondale, New York, U.S.","11,198"
405,UFC Fight Night: Nelson vs. Ponzinibbio,"Jul 16, 2017",The SSE Hydro,"Glasgow, Scotland, U.K.","10,589"
404,UFC 213: Romero vs. Whittaker,"Jul 8, 2017",T-Mobile Arena,"Las Vegas, Nevada, U.S.","12,834"
403,The Ultimate Fighter: Redemption Finale,"Jul 7, 2017",,,"6,308"
402,UFC Fight Night: Chiesa vs. Lee,"Jun 25, 2017",Chesapeake Energy Arena,"Oklahoma City, Oklahoma, U.S.","7,605"
401,UFC Fight Night: Holm vs. Correia,"Jun 17, 2017",Singapore Indoor Stadium,"Kallang, Singapore","8,414"
400,UFC Fight Night: Lewis vs. Hunt,"Jun 11, 2017",Spark Arena,"Auckland, New Zealand","8,649"
399,UFC 212: Aldo vs. Holloway,"Jun 3, 2017",Jeunesse Arena,"Rio de Janeiro, Brazil","15,412"
398,UFC Fight Night: Gustafsson vs. Teixeira,"May 28, 2017",Ericsson Globe,"Stockholm, Sweden","12,668"
397,UFC 211: Miocic vs. dos Santos 2,"May 13, 2017",American Airlines Center,"Dallas, Texas, U.S.","17,834"
396,UFC Fight Night: Swanson vs. Lobov,"Apr 22, 2017",Bridgestone Arena,"Nashville, Tennessee, U.S.","10,144"
395,UFC on Fox: Johnson vs. Reis,"Apr 15, 2017",Sprint Center,"Kansas City, Missouri, U.S.","12,171"
394,UFC 210: Cormier vs. Johnson 2,"Apr 8, 2017",KeyBank Center,"Buffalo, New York, U.S.","17,110"
393,UFC Fight Night: Manuwa vs. Anderson,"Mar 18, 2017",The O2 Arena,"London, England, U.K.","15,761"
392,UFC Fight Night: Belfort vs. Gastelum,"Mar 11, 2017",Centro de Formação Olímpica do Nordeste,"Fortaleza, Brazil","14,069"
391,UFC 209: Woodley vs. Thompson 2,"Mar 4, 2017",T-Mobile Arena,"Las Vegas, Nevada, U.S.","13,150"
390,UFC Fight Night: Lewis vs. Browne,"Feb 19, 2017",Scotiabank Centre,"Halifax, Nova Scotia, Canada","8,123"
389,UFC 208: Holm vs. de Randamie,"Feb 11, 2017",Barclays Center,"Brooklyn, New York, U.S.","15,628"
388,UFC Fight Night: Bermudez vs. The Korean Zombie,"Feb 4, 2017",Toyota Center,"Houston, Texas, U.S.","8,119"
387,UFC on Fox: Shevchenko vs. Peña,"Jan 28, 2017",Pepsi Center,"Denver, Colorado, U.S.","13,233"
386,UFC Fight Night: Rodríguez vs. Penn,"Jan 15, 2017",Talking Stick Resort Arena,"Phoenix, Arizona, U.S.","11,589"
385,UFC 207: Nunes vs. Rousey,"Dec 30, 2016",T-Mobile Arena,"Las Vegas, Nevada, U.S.","18,533"
384,UFC on Fox: VanZant vs. Waterson,"Dec 17, 2016",Golden 1 Center,"Sacramento, California, U.S.","13,136"
383,UFC 206: Holloway vs. Pettis,"Dec 10, 2016",Scotiabank Arena,"Toronto, Ontario, Canada","18,057"
382,UFC Fight Night: Lewis vs. Abdurakhimov,"Dec 9, 2016",Times Union Center,"Albany, New York, U.S.","6,216"
381,The Ultimate Fighter: Tournament of Champions Finale,"Dec 3, 2016",Palms Casino Resort,"Las Vegas, Nevada, U.S.","2,044"
380,UFC Fight Night: Whittaker vs. Brunson,"Nov 27, 2016",Rod Laver Arena,"Melbourne, Australia","13,721"
379,UFC Fight Night: Bader vs. Nogueira 2,"Nov 19, 2016",Ginásio do Ibirapuera,"São Paulo, Brazil","9,028"
378,UFC Fight Night: Mousasi vs. Hall 2,,The SSE Arena,"Belfast, Northern Ireland, U.K.","7,222"
377,UFC 205: Alvarez vs. McGregor,"Nov 12, 2016",Madison Square Garden,"New York City, New York, U.S.","20,427"
376,The Ultimate Fighter Latin America 3 Finale: dos Anjos vs. Ferguson,"Nov 5, 2016",Arena Ciudad de México,"Mexico City, Mexico","11,460"
—,UFC Fight Night: Lamas vs. Penn,"Oct 15, 2016",Mall of Asia Arena,"Pasay, Philippines",Cancelled
375,UFC 204: Bisping vs. Henderson 2,"Oct 8, 2016",Manchester Arena,"Manchester, England, U.K.","16,000"
374,UFC Fight Night: Lineker vs. Dodson,"Oct 1, 2016",Moda Center,"Portland, Oregon, U.S.","6,240"
373,UFC Fight Night: Cyborg vs. Länsberg,"Sep 24, 2016",Ginásio Nilson Nelson,"Brasília, Brazil","8,410"
372,UFC Fight Night: Poirier vs. Johnson,"Sep 17, 2016",State Farm Arena,"Hidalgo, Texas, U.S.","5,624"
371,UFC 203: Miocic vs. Overeem,"Sep 10, 2016",Quicken Loans Arena,"Cleveland, Ohio, U.S.","18,875"
370,UFC Fight Night: Arlovski vs. Barnett,"Sep 3, 2016",Barclaycard Arena,"Hamburg, Germany","11,763"
369,UFC on Fox: Maia vs. Condit,"Aug 27, 2016",Rogers Arena,"Vancouver, British Columbia, Canada","10,533"
368,UFC 202: Diaz vs. McGregor 2,"Aug 20, 2016",T-Mobile Arena,"Las Vegas, Nevada, U.S","15,539"
367,UFC Fight Night: Rodríguez vs. Caceres,"Aug 6, 2016",Vivint Smart Home Arena,"Salt Lake City, Utah, U.S.","6,689"
366,UFC 201: Lawler vs. Woodley,"Jul 30, 2016",Philips Arena,"Atlanta, Georgia, U.S.","10,240"
365,UFC on Fox: Holm vs. Shevchenko,"Jul 23, 2016",United Center,"Chicago, Illinois, U.S.","10,287"
364,UFC Fight Night: McDonald vs. Lineker,"Jul 13, 2016",Denny Sanford Premier Center,"Sioux Falls, South Dakota, U.S.","5,671"
363,UFC 200: Tate vs. Nunes,"Jul 9, 2016",T-Mobile Arena,"Las Vegas, Nevada, U.S","18,202"
362,The Ultimate Fighter: Team Joanna vs. Team Cláudia Finale,"Jul 8, 2016",MGM Grand Garden Arena,,"8,115"
361,UFC Fight Night: dos Anjos vs. Alvarez,"Jul 7, 2016",,,"7,760"
360,UFC Fight Night: MacDonald vs. Thompson,"Jun 18, 2016",TD Place Arena,"Ottawa, Ontario, Canada","10,490"
359,UFC 199: Rockhold vs. Bisping 2,"Jun 4, 2016",The Forum,"Inglewood, California, U.S.","15,587"
358,UFC Fight Night: Almeida vs. Garbrandt,"May 29, 2016",Mandalay Bay Events Center,"Las Vegas, Nevada, U.S.","5,193"
357,UFC 198: Werdum vs. Miocic,"May 14, 2016",Arena da Baixada,"Curitiba, Brazil","45,207"
356,UFC Fight Night: Overeem vs. Arlovski,"May 8, 2016",Rotterdam Ahoy,"Rotterdam, Netherlands","10,421"
355,UFC 197: Jones vs. Saint Preux,"Apr 23, 2016",MGM Grand Garden Arena,"Las Vegas, Nevada, U.S.","11,352"
354,UFC on Fox: Teixeira vs. Evans,"Apr 16, 2016",Amalie Arena,"Tampa, Florida, U.S.","11,273"
353,UFC Fight Night: Rothwell vs. dos Santos,"Apr 10, 2016",Arena Zagreb,"Zagreb, Croatia","13,177"
352,UFC Fight Night: Hunt vs. Mir,"Mar 20, 2016",Brisbane Entertainment Centre,"Brisbane, Australia","9,552"
351,UFC 196: McGregor vs. Diaz,"Mar 5, 2016",MGM Grand Garden Arena,"Las Vegas, Nevada, U.S.","14,898"
350,UFC Fight Night: Silva vs. Bisping,"Feb 27, 2016",The O2 Arena,"London, England, U.K.","16,734"
349,UFC Fight Night: Cowboy vs. Cowboy,"Feb 21, 2016",Consol Energy Center,"Pittsburgh, Pennsylvania, U.S.","7,330"
348,UFC Fight Night: Hendricks vs. Thompson,"Feb 6, 2016",MGM Grand Garden Arena,"Las Vegas, Nevada, U.S.","7,422"
347,UFC on Fox: Johnson vs. Bader,"Jan 30, 2016",Prudential Center,"Newark, New Jersey, U.S.","10,555"
346,UFC Fight Night: Dillashaw vs. Cruz,"Jan 17, 2016",TD Garden,"Boston, Massachusetts, U.S.","12,022"
345,UFC 195: Lawler vs. Condit,"Jan 2, 2016",MGM Grand Garden Arena,"Las Vegas, Nevada, U.S.","10,300"
344,UFC on Fox: dos Anjos vs. Cowboy 2,"Dec 19, 2015",Amway Center,"Orlando, Florida, U.S.","14,459"
343,UFC 194: Aldo vs. McGregor,"Dec 12, 2015",MGM Grand Garden Arena,"Las Vegas, Nevada, U.S.","16,516"
342,The Ultimate Fighter: Team McGregor vs. Team Faber Finale,"Dec 11, 2015",The Chelsea at The Cosmopolitan,,"2,566"
341,UFC Fight Night: Namajunas vs. VanZant,"Dec 10, 2015",,,"1,643"
340,UFC Fight Night: Henderson vs. Masvidal,"Nov 28, 2015",Olympic Gymnastics Arena,"Seoul, South Korea","12,156"
339,The Ultimate Fighter Latin America 2 Finale: Magny vs. Gastelum,"Nov 21, 2015",Arena Monterrey,"Monterrey, Mexico","10,410"
338,UFC 193: Rousey vs. Holm,"Nov 15, 2015",Etihad Stadium,"Melbourne, Australia","56,214"
337,UFC Fight Night: Belfort vs. Henderson 3,"Nov 7, 2015",Ginásio do Ibirapuera,"São Paulo, Brazil","10,628"
336,UFC Fight Night: Holohan vs. Smolka,"Oct 24, 2015",3Arena,"Dublin, Ireland","9,500"
335,UFC 192: Cormier vs. Gustafsson,"Oct 3, 2015",Toyota Center,"Houston, Texas, U.S.","14,622"
334,UFC Fight Night: Barnett vs. Nelson,"Sep 27, 2015",Saitama Super Arena,"Saitama, Japan","10,137"
333,UFC 191: Johnson vs. Dodson 2,"Sep 5, 2015",MGM Grand Garden Arena,"Las Vegas, Nevada, U.S.","10,873"
332,UFC Fight Night: Holloway vs. Oliveira,"Aug 23, 2015",SaskTel Centre,"Saskatoon, Saskatchewan, Canada","7,202"
331,UFC Fight Night: Teixeira vs. Saint Preux,"Aug 8, 2015",Bridgestone Arena,"Nashville, Tennessee, U.S.","7,539"
330,UFC 190: Rousey vs. Correia,"Aug 1, 2015",HSBC Arena,"Rio de Janeiro, Brazil","14,723"
329,UFC on Fox: Dillashaw vs. Barão 2,"Jul 25, 2015",United Center,"Chicago, Illinois, U.S.","11,663"
328,UFC Fight Night: Bisping vs. Leites,"Jul 18, 2015",The SSE Hydro,"Glasgow, Scotland, U.K.","10,451"
327,UFC Fight Night: Mir vs. Duffee,"Jul 15, 2015",Valley View Casino Center,"San Diego, California, U.S.","5,471"
326,The Ultimate Fighter: American Top Team vs. Blackzilians Finale,"Jul 12, 2015",MGM Grand Garden Arena,"Las Vegas, Nevada, U.S.","4,844"
325,UFC 189: Mendes vs. McGregor,"Jul 11, 2015",,,"16,019"
324,UFC Fight Night: Machida vs. Romero,"Jun 27, 2015",Seminole Hard Rock Hotel and Casino,"Hollywood, Florida, U.S.","5,604"
323,UFC Fight Night: Jędrzejczyk vs. Penne,"Jun 20, 2015",O2 World,"Berlin, Germany","8,155"
322,UFC 188: Velasquez vs. Werdum,"Jun 13, 2015",Arena Ciudad de México,"Mexico City, Mexico","21,036"
321,UFC Fight Night: Boetsch vs. Henderson,"Jun 6, 2015",Smoothie King Center,"New Orleans, Louisiana, U.S.","6,231"
320,UFC Fight Night: Condit vs. Alves,"May 30, 2015",Goiânia Arena,"Goiânia, Brazil","3,500"
319,UFC 187: Johnson vs. Cormier,"May 23, 2015",MGM Grand Garden Arena,"Las Vegas, Nevada, U.S.","12,615"
318,UFC Fight Night: Edgar vs. Faber,"May 16, 2015",Mall of Asia Arena,"Pasay, Philippines","13,446"
317,UFC Fight Night: Miocic vs. Hunt,"May 10, 2015",Adelaide Entertainment Centre,"Adelaide, Australia","7,984"
316,UFC 186: Johnson vs. Horiguchi,"Apr 25, 2015",Bell Centre,"Montreal, Quebec, Canada","10,154"
315,UFC on Fox: Machida vs. Rockhold,"Apr 18, 2015",Prudential Center,"Newark, New Jersey, U.S.","13,306"
314,UFC Fight Night: Gonzaga vs. Cro Cop 2,"Apr 11, 2015",Tauron Arena Kraków,"Kraków, Poland","10,000"
313,UFC Fight Night: Mendes vs. Lamas,"Apr 4, 2015",Patriot Center,"Fairfax, Virginia, U.S.","5,417"
312,UFC Fight Night: Maia vs. LaFlare,"Mar 21, 2015",Ginásio do Maracanãzinho,"Rio de Janeiro, Brazil","7,707"
311,UFC 185: Pettis vs. dos Anjos,"Mar 14, 2015",American Airlines Center,"Dallas, Texas, U.S.","17,160"
310,UFC 184: Rousey vs. Zingano,"Feb 28, 2015",Staples Center,"Los Angeles, California, U.S.","17,654"
309,UFC Fight Night: Bigfoot vs. Mir,"Feb 22, 2015",Ginásio Gigantinho,"Porto Alegre, Brazil","5,080"
308,UFC Fight Night: Henderson vs. Thatch,"Feb 14, 2015",1stBank Center,"Broomfield, Colorado, U.S.","5,807"
307,UFC 183: Silva vs. Diaz,"Jan 31, 2015",MGM Grand Garden Arena,"Las Vegas, Nevada, U.S.","13,114"
306,UFC on Fox: Gustafsson vs. Johnson,"Jan 24, 2015",Tele2 Arena,"Stockholm, Sweden","30,000"
305,UFC Fight Night: McGregor vs. Siver,"Jan 18, 2015",TD Garden,"Boston, Massachusetts, U.S.","13,828"
304,UFC 182: Jones vs. Cormier,"Jan 3, 2015",MGM Grand Garden Arena,"Las Vegas, Nevada, U.S.","11,575"
303,UFC Fight Night: Machida vs. Dollaway,"Dec 20, 2014",Ginásio José Corrêa,"Barueri, Brazil",N/A
302,UFC on Fox: dos Santos vs. Miocic,"Dec 13, 2014",Talking Stick Resort Arena,"Phoenix, Arizona, U.S.","15,300"
301,The Ultimate Fighter: A Champion Will Be Crowned Finale,"Dec 12, 2014",Palms Casino Resort,"Las Vegas, Nevada, U.S.","1,800"
300,UFC 181: Hendricks vs. Lawler II,"Dec 6, 2014",Mandalay Bay Events Center,,"9,617"
299,UFC Fight Night: Edgar vs. Swanson,"Nov 22, 2014",Frank Erwin Center,"Austin, Texas, U.S.","10,131"
298,UFC 180: Werdum vs. Hunt,"Nov 15, 2014",Arena Ciudad de México,"Mexico City, Mexico","21,000"
297,UFC Fight Night: Shogun vs. Saint Preux,"Nov 8, 2014",Ginásio Municipal Tancredo Neves,"Uberlândia, Brazil","5,671"
296,UFC Fight Night: Rockhold vs. Bisping,,Allphones Arena,"Sydney, Australia","9,904"
295,UFC 179: Aldo vs. Mendes 2,"Oct 25, 2014",Ginásio do Maracanãzinho,"Rio de Janeiro, Brazil","11,415"
294,UFC Fight Night: MacDonald vs. Saffiedine,"Oct 4, 2014",Scotiabank Centre,"Halifax, Nova Scotia, Canada","10,782"
293,UFC Fight Night: Nelson vs. Story,,Ericsson Globe Arena,"Stockholm, Sweden","10,026"
292,UFC 178: Johnson vs. Cariaso,"Sep 27, 2014",MGM Grand Garden Arena,"Las Vegas, Nevada, U.S.","10,544"
291,UFC Fight Night: Hunt vs. Nelson,"Sep 20, 2014",Saitama Super Arena,"Saitama, Japan","12,395"
290,UFC Fight Night: Bigfoot vs. Arlovski,"Sep 13, 2014",Ginásio Nilson Nelson,"Brasília, Brazil","8,822"
289,UFC Fight Night: Jacaré vs. Mousasi,"Sep 5, 2014",Foxwoods Resort Casino,"Mashantucket, Connecticut, U.S.","4,086"
288,UFC 177: Dillashaw vs. Soto,"Aug 30, 2014",Sleep Train Arena,"Sacramento, California, U.S.","11,100"
287,UFC Fight Night: Henderson vs. dos Anjos,"Aug 23, 2014",BOK Center,"Tulsa, Oklahoma, U.S.","7,119"
286,UFC Fight Night: Bisping vs. Le,,CotaiArena,"Macau, SAR, China","7,022"
285,UFC Fight Night: Bader vs. Saint Preux,"Aug 16, 2014",Cross Insurance Center,"Bangor, Maine, U.S.","5,329"
—,UFC 176: Aldo vs. Mendes II,"Aug 2, 2014",Staples Center,"Los Angeles, California, U.S.",Cancelled
284,UFC on Fox: Lawler vs. Brown,"Jul 26, 2014",SAP Center,"San Jose, California, U.S.","11,482"
283,UFC Fight Night: McGregor vs. Brandao,"Jul 19, 2014",The O2,"Dublin, Ireland","9,500"
282,UFC Fight Night: Cowboy vs. Miller,"Jul 16, 2014",Revel Casino Hotel,"Atlantic City, New Jersey, U.S.","4,115"
281,The Ultimate Fighter: Team Edgar vs. Team Penn Finale,"Jul 6, 2014",Mandalay Bay Events Center,"Las Vegas, Nevada, U.S.","6,500"
280,UFC 175: Weidman vs. Machida,"Jul 5, 2014",,,"10,088"
279,UFC Fight Night: Swanson vs. Stephens,"Jun 28, 2014",AT&T Center,"San Antonio, Texas, U.S.","9,227"
278,UFC Fight Night: Te Huna vs. Marquardt,,Vector Arena,"Auckland, New Zealand","8,089"
277,UFC 174: Johnson vs. Bagautinov,"Jun 14, 2014",Rogers Arena,"Vancouver, British Columbia, Canada","13,506"
276,UFC Fight Night: Henderson vs. Khabilov,"Jun 7, 2014",Tingley Coliseum,"Albuquerque, New Mexico, U.S.","8,775"
275,The Ultimate Fighter Brazil 3 Finale: Miocic vs. Maldonado,"May 31, 2014",Ginásio do Ibirapuera,"São Paulo, Brazil","8,986"
274,UFC Fight Night: Muñoz vs. Mousasi,,O2 World,"Berlin, Germany","8,000"
273,UFC 173: Barão vs. Dillashaw,"May 24, 2014",MGM Grand Garden Arena,"Las Vegas, Nevada, U.S.","11,036"
272,UFC Fight Night: Brown vs. Silva,"May 10, 2014",U.S. Bank Arena,"Cincinnati, Ohio, U.S.","6,143"
271,UFC 172: Jones vs. Teixeira,"Apr 26, 2014",Baltimore Arena,"Baltimore, Maryland, U.S.","13,485"
270,UFC on Fox: Werdum vs. Browne,"Apr 19, 2014",Amway Center,"Orlando, Florida, U.S.","17,000"
269,The Ultimate Fighter Nations Finale: Bisping vs. Kennedy,"Apr 16, 2014",Colisée Pepsi,"Quebec City, Quebec, Canada","5,029"
268,UFC Fight Night: Nogueira vs. Nelson,"Apr 11, 2014",du Arena,"Abu Dhabi, United Arab Emirates","7,963"
267,UFC Fight Night: Shogun vs. Henderson 2,"Mar 23, 2014",Ginásio Nélio Dias,"Natal, Brazil","6,828"
266,UFC 171: Hendricks vs. Lawler,"Mar 15, 2014",American Airlines Center,"Dallas, Texas, U.S.","19,324"
265,UFC Fight Night: Gustafsson vs. Manuwa,"Mar 8, 2014",The O2 Arena,"London, England, U.K.","14,604"
264,The Ultimate Fighter China Finale: Kim vs. Hathaway,"Mar 1, 2014",CotaiArena,"Macau, SAR, China","6,000"
263,UFC 170: Rousey vs. McMann,"Feb 22, 2014",Mandalay Bay Events Center,"Las Vegas, Nevada, U.S.","10,217"
262,UFC Fight Night: Machida vs. Mousasi,"Feb 15, 2014",Arena Jaraguá,"Jaraguá do Sul, Brazil","7,511"
261,UFC 169: Barão vs. Faber II,"Feb 1, 2014",Prudential Center,"Newark, New Jersey, U.S.","14,308"
260,UFC on Fox: Henderson vs. Thomson,"Jan 25, 2014",United Center,"Chicago, Illinois, U.S.","10,895"
259,UFC Fight Night: Rockhold vs. Philippou,"Jan 15, 2014",Arena at Gwinnett Center,"Duluth, Georgia, U.S.","5,822"
258,UFC Fight Night: Saffiedine vs. Lim,"Jan 4, 2014",Marina Bay Sands,"Marina Bay, Singapore","5,216"
257,UFC 168: Weidman vs. Silva 2,"Dec 28, 2013",MGM Grand Garden Arena,"Las Vegas, Nevada, U.S.","15,650"
256,UFC on Fox: Johnson vs. Benavidez 2,"Dec 14, 2013",Sleep Train Arena,"Sacramento, California, U.S.","11,573"
255,UFC Fight Night: Hunt vs. Bigfoot,"Dec 7, 2013",Brisbane Entertainment Centre,"Brisbane, Australia","11,393"
254,The Ultimate Fighter: Team Rousey vs. Team Tate Finale,"Nov 30, 2013",Mandalay Bay Events Center,"Las Vegas, Nevada, U.S.","4,853"
253,UFC 167: St-Pierre vs. Hendricks,"Nov 16, 2013",MGM Grand Garden Arena,,"14,856"
252,UFC Fight Night: Belfort vs. Henderson,"Nov 9, 2013",Goiânia Arena,"Goiânia, Brazil","10,565"
251,UFC: Fight for the Troops 3,"Nov 6, 2013",Fort Campbell,"Fort Campbell, Kentucky, U.S.",N/A
250,UFC Fight Night: Machida vs. Muñoz,"Oct 26, 2013",Phones 4u Arena,"Manchester, England, U.K.","10,355"
249,UFC 166: Velasquez vs. dos Santos III,"Oct 19, 2013",Toyota Center,"Houston, Texas, U.S.","17,238"
248,UFC Fight Night: Maia vs. Shields,"Oct 9, 2013",Ginásio José Corrêa,"Barueri, Brazil","6,621"
247,UFC 165: Jones vs. Gustafsson,"Sep 21, 2013",Air Canada Centre,"Toronto, Ontario, Canada","15,504"
246,UFC Fight Night: Teixeira vs. Bader,"Sep 4, 2013",Mineirinho Arena,"Belo Horizonte, Brazil","5,126"
245,UFC 164: Henderson vs. Pettis,"Aug 31, 2013",BMO Harris Bradley Center,"Milwaukee, Wisconsin, U.S.","9,178"
244,UFC Fight Night: Condit vs. Kampmann 2,"Aug 28, 2013",Bankers Life Fieldhouse,"Indianapolis, Indiana, U.S.","6,417"
243,UFC Fight Night: Shogun vs. Sonnen,"Aug 17, 2013",TD Garden,"Boston, Massachusetts, U.S.","14,181"
242,UFC 163: Aldo vs. Korean Zombie,"Aug 3, 2013",HSBC Arena,"Rio de Janeiro, Brazil","13,873"
241,UFC on Fox: Johnson vs. Moraga,"Jul 27, 2013",KeyArena,"Seattle, Washington, U.S.","8,967"
240,UFC 162: Silva vs. Weidman,"Jul 6, 2013",MGM Grand Garden Arena,"Las Vegas, Nevada, U.S.","12,964"
239,UFC 161: Evans vs. Henderson,"Jun 15, 2013",MTS Centre,"Winnipeg, Manitoba, Canada","14,754"
238,UFC on Fuel TV: Nogueira vs. Werdum,"Jun 8, 2013",Ginásio Paulo Sarasate,"Fortaleza, Brazil","6,286"
237,UFC 160: Velasquez vs. Bigfoot 2,"May 25, 2013",MGM Grand Garden Arena,"Las Vegas, Nevada, U.S.","12,380"
236,UFC on FX: Belfort vs. Rockhold,"May 18, 2013",Arena Jaraguá,"Jaraguá do Sul, Brazil","7,642"
235,UFC 159: Jones vs. Sonnen,"Apr 27, 2013",Prudential Center,"Newark, New Jersey, U.S.","15,227"
234,UFC on Fox: Henderson vs. Melendez,"Apr 20, 2013",HP Pavilion,"San Jose, California, U.S.","13,506"
233,The Ultimate Fighter: Team Jones vs. Team Sonnen Finale,"Apr 13, 2013",Mandalay Bay Events Center,"Las Vegas, Nevada, U.S.","5,918"
232,UFC on Fuel TV: Mousasi vs. Latifi,"Apr 6, 2013",Ericsson Globe Arena,"Stockholm, Sweden","14,506"
231,UFC 158: St-Pierre vs. Diaz,"Mar 16, 2013",Bell Centre,"Montreal, Quebec, Canada","20,145"
230,UFC on Fuel TV: Silva vs. Stann,"Mar 3, 2013",Saitama Super Arena,"Saitama, Japan","14,682"
229,UFC 157: Rousey vs. Carmouche,"Feb 23, 2013",Honda Center,"Anaheim, California, U.S.","13,257"
228,UFC on Fuel TV: Barão vs. McDonald,"Feb 16, 2013",Wembley Arena,"London, England, U.K.","10,349"
227,UFC 156: Aldo vs. Edgar,"Feb 2, 2013",Mandalay Bay Events Center,"Las Vegas, Nevada, U.S.","10,275"
226,UFC on Fox: Johnson vs. Dodson,"Jan 26, 2013",United Center,"Chicago, Illinois, U.S.","16,091"
225,UFC on FX: Belfort vs. Bisping,"Jan 19, 2013",Ginásio do Ibirapuera,"São Paulo, Brazil","9,116"
224,UFC 155: dos Santos vs. Velasquez 2,"Dec 29, 2012",MGM Grand Garden Arena,"Las Vegas, Nevada, U.S.","13,561"
223,The Ultimate Fighter: Team Carwin vs. Team Nelson Finale,"Dec 15, 2012",Hard Rock Hotel and Casino,,"2,500"
222,UFC on FX: Sotiropoulos vs. Pearson,,Gold Coast Convention and Exhibition Centre,"Gold Coast, Australia","5,133"
221,UFC on Fox: Henderson vs. Diaz,"Dec 8, 2012",KeyArena,"Seattle, Washington, U.S.","14,387"
220,UFC 154: St-Pierre vs. Condit,"Nov 17, 2012",Bell Centre,"Montreal, Quebec, Canada","17,249"
219,UFC on Fuel TV: Franklin vs. Le,"Nov 10, 2012",CotaiArena,"Macau, SAR, China","8,415"
218,UFC 153: Silva vs. Bonnar,"Oct 13, 2012",HSBC Arena,"Rio de Janeiro, Brazil","16,844"
217,UFC on FX: Browne vs. Bigfoot,"Oct 5, 2012",Target Center,"Minneapolis, Minnesota, U.S.","7,049"
216,UFC on Fuel TV: Struve vs. Miocic,"Sep 29, 2012",Capital FM Arena,"Nottingham, England, U.K.","7,241"
215,UFC 152: Jones vs. Belfort,"Sep 22, 2012",Air Canada Centre,"Toronto, Ontario, Canada","16,800"
—,UFC 151: Jones vs. Henderson,"Sep 1, 2012",Mandalay Bay Events Center,"Las Vegas, Nevada, U.S.",Cancelled
214,UFC 150: Henderson vs. Edgar II,"Aug 11, 2012",Pepsi Center,"Denver, Colorado, U.S.","13,027"
213,UFC on Fox: Shogun vs. Vera,"Aug 4, 2012",Staples Center,"Los Angeles, California, U.S.","16,080"
212,UFC 149: Faber vs. Barão,"Jul 21, 2012",Scotiabank Saddledome,"Calgary, Alberta, Canada","16,089"
211,UFC on Fuel TV: Muñoz vs. Weidman,"Jul 11, 2012",HP Pavilion,"San Jose, California, U.S.","4,250"
210,UFC 148: Silva vs. Sonnen II,"Jul 7, 2012",MGM Grand Garden Arena,"Las Vegas, Nevada, U.S.","15,104"
209,UFC 147: Silva vs. Franklin II,"Jun 23, 2012",Mineirinho Arena,"Belo Horizonte, Brazil","16,643"
208,UFC on FX: Maynard vs. Guida,"Jun 22, 2012",Revel Casino Hotel,"Atlantic City, New Jersey, U.S.","4,652"
207,UFC on FX: Johnson vs. McCall 2,"Jun 8, 2012",BankAtlantic Center,"Sunrise, Florida, U.S.","6,635"
206,The Ultimate Fighter: Live Finale,"Jun 1, 2012",Palms Casino Resort,"Las Vegas, Nevada, U.S.","1,628"
205,UFC 146: dos Santos vs. Mir,"May 26, 2012",MGM Grand Garden Arena,,"14,674"
204,UFC on Fuel TV: The Korean Zombie vs. Poirier,"May 15, 2012",Patriot Center,"Fairfax, Virginia, U.S.","6,668"
203,UFC on Fox: Diaz vs. Miller,"May 5, 2012",IZOD Center,"East Rutherford, New Jersey, U.S.","10,788"
202,UFC 145: Jones vs. Evans,"Apr 21, 2012",Philips Arena,"Atlanta, Georgia, U.S.","15,545"
201,UFC on Fuel TV: Gustafsson vs. Silva,"Apr 14, 2012",Ericsson Globe Arena,"Stockholm, Sweden","15,428"
200,UFC on FX: Alves vs. Kampmann,"Mar 3, 2012",Allphones Arena,"Sydney, Australia","14,537"
199,UFC 144: Edgar vs. Henderson,"Feb 26, 2012",Saitama Super Arena,"Saitama, Japan","21,000"
198,UFC on Fuel TV: Sanchez vs. Ellenberger,"Feb 15, 2012",Omaha Civic Auditorium,"Omaha, Nebraska, U.S.","6,283"
197,UFC 143: Diaz vs. Condit,"Feb 4, 2012",Mandalay Bay Events Center,"Las Vegas, Nevada, U.S.","9,015"
196,UFC on Fox: Evans vs. Davis,"Jan 28, 2012",United Center,"Chicago, Illinois, U.S.","16,963"
195,UFC on FX: Guillard vs. Miller,"Jan 20, 2012",Bridgestone Arena,"Nashville, Tennessee, U.S.","7,728"
194,UFC 142: Aldo vs. Mendes,"Jan 14, 2012",HSBC Arena,"Rio de Janeiro, Brazil","10,605"
193,UFC 141: Lesnar vs. Overeem,"Dec 30, 2011",MGM Grand Garden Arena,"Las Vegas, Nevada, U.S.","13,793"
192,UFC 140: Jones vs. Machida,"Dec 10, 2011",Air Canada Centre,"Toronto, Ontario, Canada","18,303"
191,The Ultimate Fighter: Team Bisping vs. Team Miller Finale,"Dec 3, 2011",Palms Casino Resort,"Las Vegas, Nevada, U.S.","1,909"
190,UFC 139: Shogun vs. Henderson,"Nov 19, 2011",HP Pavilion,"San Jose, California, U.S.","13,832"
189,UFC on Fox: Velasquez vs. dos Santos,"Nov 12, 2011",Honda Center,"Anaheim, California, U.S.","11,607"
188,UFC 138: Leben vs. Muñoz,"Nov 5, 2011",LG Arena,"Birmingham, England, U.K.","10,823"
187,UFC 137: Penn vs. Diaz,"Oct 29, 2011",Mandalay Bay Events Center,"Las Vegas, Nevada, U.S.","10,313"
186,UFC 136: Edgar vs. Maynard III,"Oct 8, 2011",Toyota Center,"Houston, Texas, U.S.","16,164"
185,UFC Live: Cruz vs. Johnson,"Oct 1, 2011",Verizon Center,"Washington, D.C., U.S.","9,380"
184,UFC 135: Jones vs. Rampage,"Sep 24, 2011",Pepsi Center,"Denver, Colorado, U.S.","16,344"
183,UFC Fight Night: Shields vs. Ellenberger,"Sep 17, 2011",Ernest N. Morial Convention Center,"New Orleans, Louisiana, U.S.","7,112"
182,UFC 134: Silva vs. Okami,"Aug 27, 2011",HSBC Arena,"Rio de Janeiro, Brazil","14,000"
181,UFC Live: Hardy vs. Lytle,"Aug 14, 2011",Bradley Center,"Milwaukee, Wisconsin, U.S.","6,751"
180,UFC 133: Evans vs. Ortiz,"Aug 6, 2011",Wells Fargo Center,"Philadelphia, Pennsylvania, U.S.","11,583"
179,UFC 132: Cruz vs. Faber,"Jul 2, 2011",MGM Grand Garden Arena,"Las Vegas, Nevada, U.S.","13,109"
178,UFC Live: Kongo vs. Barry,"Jun 26, 2011",Consol Energy Center,"Pittsburgh, Pennsylvania, U.S.","7,792"
177,UFC 131: dos Santos vs. Carwin,"Jun 11, 2011",Rogers Arena,"Vancouver, British Columbia, Canada","14,685"
176,The Ultimate Fighter: Team Lesnar vs. Team dos Santos Finale,"Jun 4, 2011",Palms Casino Resort,"Las Vegas, Nevada, U.S.","2,053"
175,UFC 130: Rampage vs. Hamill,"May 28, 2011",MGM Grand Garden Arena,,"12,753"
174,UFC 129: St-Pierre vs. Shields,"Apr 30, 2011",Rogers Centre,"Toronto, Ontario, Canada","55,724"
173,UFC Fight Night: Nogueira vs. Davis,"Mar 26, 2011",KeyArena,"Seattle, Washington, U.S.","13,741"
172,UFC 128: Shogun vs. Jones,"Mar 19, 2011",Prudential Center,"Newark, New Jersey, U.S.","12,619"
171,UFC Live: Sanchez vs. Kampmann,"Mar 3, 2011",KFC Yum! Center,"Louisville, Kentucky, U.S.","8,319"
170,UFC 127: Penn vs. Fitch,"Feb 27, 2011",Acer Arena,"Sydney, Australia","18,186"
169,UFC 126: Silva vs. Belfort,"Feb 5, 2011",Mandalay Bay Events Center,"Las Vegas, Nevada, U.S.","10,893"
168,UFC: Fight for the Troops 2,"Jan 22, 2011",Fort Hood,"Fort Hood, Texas, U.S.","3,200"
167,UFC 125: Resolution,"Jan 1, 2011",MGM Grand Garden Arena,"Las Vegas, Nevada, U.S.","12,874"
166,UFC 124: St-Pierre vs. Koscheck 2,"Dec 11, 2010",Bell Centre,"Montreal, Quebec, Canada","23,152"
165,The Ultimate Fighter: Team GSP vs. Team Koscheck Finale,"Dec 4, 2010",Palms Casino Resort,"Las Vegas, Nevada, U.S.","1,903"
164,UFC 123: Rampage vs. Machida,"Nov 20, 2010",The Palace of Auburn Hills,"Auburn Hills, Michigan, U.S.","16,404"
163,UFC 122: Marquardt vs. Okami,"Nov 13, 2010",König Pilsener Arena,"Oberhausen, Germany","8,421"
162,UFC 121: Lesnar vs. Velasquez,"Oct 23, 2010",Honda Center,"Anaheim, California, U.S.","14,856"
161,UFC 120: Bisping vs. Akiyama,"Oct 16, 2010",The O2 arena,"London, England, U.K.","17,133"
160,UFC 119: Mir vs. Cro Cop,"Sep 25, 2010",Conseco Fieldhouse,"Indianapolis, Indiana, U.S.","15,811"
159,UFC Fight Night: Marquardt vs. Palhares,"Sep 15, 2010",Frank Erwin Center,"Austin, Texas, U.S.","7,724"
158,UFC 118: Edgar vs. Penn 2,"Aug 28, 2010",TD Garden,"Boston, Massachusetts, U.S.","14,168"
157,UFC 117: Silva vs. Sonnen,"Aug 7, 2010",Oracle Arena,"Oakland, California, U.S.","12,971"
156,UFC Live: Jones vs. Matyushenko,"Aug 1, 2010",San Diego Sports Arena,"San Diego, California, U.S.","8,132"
155,UFC 116: Lesnar vs. Carwin,"Jul 3, 2010",MGM Grand Garden Arena,"Las Vegas, Nevada, U.S.","12,740"
154,The Ultimate Fighter: Team Liddell vs. Team Ortiz Finale,"Jun 19, 2010",Palms Casino Resort,,"1,708"
153,UFC 115: Liddell vs. Franklin,"Jun 12, 2010",General Motors Place,"Vancouver, British Columbia, Canada","17,669"
152,UFC 114: Rampage vs. Evans,"May 29, 2010",MGM Grand Garden Arena,"Las Vegas, Nevada, U.S.","14,996"
151,UFC 113: Machida vs. Shogun 2,"May 8, 2010",Bell Centre,"Montreal, Quebec, Canada","17,647"
150,UFC 112: Invincible,"Apr 10, 2010","Concert Arena, Yas Island","Abu Dhabi, United Arab Emirates","11,008"
149,UFC Fight Night: Florian vs. Gomi,"Mar 31, 2010",Bojangles Coliseum,"Charlotte, North Carolina, U.S.","7,700"
148,UFC 111: St-Pierre vs. Hardy,"Mar 27, 2010",Prudential Center,"Newark, New Jersey, U.S.","17,000"
147,UFC Live: Vera vs. Jones,"Mar 21, 2010",1stBank Center,"Broomfield, Colorado, U.S.","6,443"
146,UFC 110: Nogueira vs. Velasquez,"Feb 21, 2010",Acer Arena,"Sydney, Australia","17,831"
145,UFC 109: Relentless,"Feb 6, 2010",Mandalay Bay Events Center,"Las Vegas, Nevada, U.S.","10,753"
144,UFC Fight Night: Maynard vs. Diaz,"Jan 11, 2010",Patriot Center,"Fairfax, Virginia, U.S.","8,078"
143,UFC 108: Evans vs. Silva,"Jan 2, 2010",MGM Grand Garden Arena,"Las Vegas, Nevada, U.S.","13,529"
142,UFC 107: Penn vs. Sanchez,"Dec 12, 2009",FedExForum,"Memphis, Tennessee, U.S.","13,896"
141,The Ultimate Fighter: Heavyweights Finale,"Dec 5, 2009",Palms Casino Resort,"Las Vegas, Nevada, U.S.","1,791"
140,UFC 106: Ortiz vs. Griffin 2,"Nov 21, 2009",Mandalay Bay Events Center,,"10,529"
139,UFC 105: Couture vs. Vera,"Nov 14, 2009",Manchester Evening News Arena,"Manchester, England, U.K.","16,693"
138,UFC 104: Machida vs. Shogun,"Oct 24, 2009",Staples Center,"Los Angeles, California, U.S.","14,892"
137,UFC 103: Franklin vs. Belfort,"Sep 19, 2009",American Airlines Center,"Dallas, Texas, U.S.","17,428"
136,UFC Fight Night: Diaz vs. Guillard,"Sep 16, 2009",Cox Convention Center,"Oklahoma City, Oklahoma, U.S.","9,490"
135,UFC 102: Couture vs. Nogueira,"Aug 29, 2009",Rose Garden,"Portland, Oregon, U.S.","16,088"
134,UFC 101: Declaration,"Aug 8, 2009",Wachovia Center,"Philadelphia, Pennsylvania, U.S.","17,411"
133,UFC 100,"Jul 11, 2009",Mandalay Bay Events Center,"Las Vegas, Nevada, U.S.","10,871"
132,The Ultimate Fighter: United States vs. United Kingdom Finale,"Jun 20, 2009",Palms Casino Resort,,"2,217"
131,UFC 99: The Comeback,"Jun 13, 2009",Lanxess Arena,"Cologne, Germany","12,854"
130,UFC 98: Evans vs. Machida,"May 23, 2009",MGM Grand Garden Arena,"Las Vegas, Nevada, U.S.","12,606"
129,UFC 97: Redemption,"Apr 18, 2009",Bell Centre,"Montreal, Quebec, Canada","21,451"
128,UFC Fight Night: Condit vs. Kampmann,"Apr 1, 2009",Sommet Center,"Nashville, Tennessee, U.S.","10,267"
127,UFC 96: Jackson vs. Jardine,"Mar 7, 2009",Nationwide Arena,"Columbus, Ohio, U.S.","17,033"
126,UFC 95: Sanchez vs. Stevenson,"Feb 21, 2009",The O2 arena,"London, England, U.K.","13,268"
125,UFC Fight Night: Lauzon vs. Stephens,"Feb 7, 2009",USF Sun Dome,"Tampa, Florida, U.S.","7,596"
124,UFC 94: St-Pierre vs. Penn 2,"Jan 31, 2009",MGM Grand Garden Arena,"Las Vegas, Nevada, U.S.","14,885"
123,UFC 93: Franklin vs. Henderson,"Jan 17, 2009",The O2,"Dublin, Ireland","9,369"
122,UFC 92: The Ultimate 2008,"Dec 27, 2008",MGM Grand Garden Arena,"Las Vegas, Nevada, U.S.","14,166"
121,The Ultimate Fighter: Team Nogueira vs. Team Mir Finale,"Dec 13, 2008",Palms Casino Resort,,"1,853"
120,UFC: Fight for the Troops,"Dec 10, 2008",Crown Coliseum,"Fayetteville, North Carolina, U.S.","8,500"
119,UFC 91: Couture vs. Lesnar,"Nov 15, 2008",MGM Grand Garden Arena,"Las Vegas, Nevada, U.S.","14,272"
118,UFC 90: Silva vs. Côté,"Oct 25, 2008",Allstate Arena,"Rosemont, Illinois, U.S.","15,359"
117,UFC 89: Bisping vs. Leben,"Oct 18, 2008",National Indoor Arena,"Birmingham, England, U.K.","9,515"
116,UFC Fight Night: Diaz vs. Neer,"Sep 17, 2008",Omaha Civic Auditorium,"Omaha, Nebraska, U.S.","9,103"
115,UFC 88: Breakthrough,"Sep 6, 2008",Philips Arena,"Atlanta, Georgia, U.S.","14,736"
114,UFC 87: Seek and Destroy,"Aug 9, 2008",Target Center,"Minneapolis, Minnesota, U.S.","15,087"
113,UFC Fight Night: Silva vs. Irvin,"Jul 19, 2008",Palms Casino Resort,"Las Vegas, Nevada, U.S.","2,071"
112,UFC 86: Jackson vs. Griffin,"Jul 5, 2008",Mandalay Bay Events Center,,"10,990"
111,The Ultimate Fighter: Team Rampage vs. Team Forrest Finale,"Jun 21, 2008",Palms Casino Resort,,"1,853"
110,UFC 85: Bedlam,"Jun 7, 2008",The O2 arena,"London, England, U.K.","15,327"
109,UFC 84: Ill Will,"May 24, 2008",MGM Grand Garden Arena,"Las Vegas, Nevada, U.S.","14,773"
108,UFC 83: Serra vs. St-Pierre 2,"Apr 19, 2008",Bell Centre,"Montreal, Quebec, Canada","21,390"
107,UFC Fight Night: Florian vs. Lauzon,"Apr 2, 2008",Broomfield Event Center,"Broomfield, Colorado, U.S.","6,742"
106,UFC 82: Pride of a Champion,"Mar 1, 2008",Nationwide Arena,"Columbus, Ohio, U.S.","16,431"
105,UFC 81: Breaking Point,"Feb 2, 2008",Mandalay Bay Events Center,"Las Vegas, Nevada, U.S.","10,583"
104,UFC Fight Night: Swick vs. Burkman,"Jan 23, 2008",Palms Casino Resort,,"1,900"
103,UFC 80: Rapid Fire,"Jan 19, 2008",Metro Radio Arena,"Newcastle upon Tyne, England, U.K.","8,412"
102,UFC 79: Nemesis,"Dec 29, 2007",Mandalay Bay Events Center,"Las Vegas, Nevada, U.S.","11,075"
101,The Ultimate Fighter: Team Hughes vs. Team Serra Finale,"Dec 8, 2007",Palms Casino Resort,,N/A
100,UFC 78: Validation,"Nov 17, 2007",Prudential Center,"Newark, New Jersey, U.S.","14,071"
99,UFC 77: Hostile Territory,"Oct 20, 2007",U.S. Bank Arena,"Cincinnati, Ohio, U.S.","16,054"
98,UFC 76: Knockout,"Sep 22, 2007",Honda Center,"Anaheim, California, U.S.","13,770"
97,UFC Fight Night: Thomas vs. Florian,"Sep 19, 2007",Palms Casino Resort,"Las Vegas, Nevada, U.S.",N/A
96,UFC 75: Champion vs. Champion,"Sep 8, 2007",The O2 arena,"London, England, U.K.","16,235"
95,UFC 74: Respect,"Aug 25, 2007",Mandalay Bay Events Center,"Las Vegas, Nevada, U.S.","11,065"
94,UFC 73: Stacked,"Jul 7, 2007",ARCO Arena,"Sacramento, California, U.S.","13,183"
93,The Ultimate Fighter: Team Pulver vs. Team Penn Finale,"Jun 23, 2007",Palms Casino Resort,"Las Vegas, Nevada, U.S.",N/A
92,UFC 72: Victory,"Jun 16, 2007",The Odyssey,"Belfast, Northern Ireland, U.K.","7,850"
91,UFC Fight Night: Stout vs. Fisher,"Jun 12, 2007",Seminole Hard Rock Hotel and Casino,"Hollywood, Florida, U.S.",N/A
90,UFC 71: Liddell vs. Jackson,"May 26, 2007",MGM Grand Garden Arena,"Las Vegas, Nevada, U.S.","14,728"
89,UFC 70: Nations Collide,"Apr 21, 2007",Manchester Evening News Arena,"Manchester, England, U.K.","15,114"
88,UFC 69: Shootout,"Apr 7, 2007",Toyota Center,"Houston, Texas, U.S.","15,269"
87,UFC Fight Night: Stevenson vs. Guillard,"Apr 5, 2007",Palms Casino Resort,"Las Vegas, Nevada, U.S.","1,734"
86,UFC 68: The Uprising,"Mar 3, 2007",Nationwide Arena,"Columbus, Ohio, U.S.","19,079"
85,UFC 67: All or Nothing,"Feb 3, 2007",Mandalay Bay Events Center,"Las Vegas, Nevada, U.S.","10,787"
84,UFC Fight Night: Evans vs. Salmon,"Jan 25, 2007",Seminole Hard Rock Hotel and Casino,"Hollywood, Florida, U.S.","5,287"
83,UFC 66: Liddell vs. Ortiz,"Dec 30, 2006",MGM Grand Garden Arena,"Las Vegas, Nevada, U.S.","13,671"
82,UFC Fight Night: Sanchez vs. Riggs,"Dec 13, 2006",Marine Corps Air Station Miramar,"San Diego, California, U.S.","3,000"
81,UFC 65: Bad Intentions,"Nov 18, 2006",ARCO Arena,"Sacramento, California, U.S.","14,666"
80,The Ultimate Fighter: The Comeback Finale,"Nov 11, 2006",Hard Rock Hotel and Casino,"Las Vegas, Nevada, U.S.","1,000"
79,UFC 64: Unstoppable,"Oct 14, 2006",Mandalay Bay Events Center,,"10,173"
78,UFC Fight Night 6.5,"Oct 10, 2006",Seminole Hard Rock Hotel and Casino,"Hollywood, Florida, U.S.","3,510"
77,UFC 63: Hughes vs. Penn,"Sep 23, 2006",Arrowhead Pond of Anaheim,"Anaheim, California, U.S.","12,604"
76,UFC 62: Liddell vs. Sobral,"Aug 26, 2006",Mandalay Bay Events Center,"Las Vegas, Nevada, U.S.","10,503"
75,UFC Fight Night 6,"Aug 17, 2006",Red Rock Resort Spa and Casino,"Summerlin, Nevada, U.S.","1,412"
74,UFC 61: Bitter Rivals,"Jul 8, 2006",Mandalay Bay Events Center,"Las Vegas, Nevada, U.S.","11,167"
73,UFC Ultimate Fight Night 5,"Jun 28, 2006",Hard Rock Hotel and Casino,,606
72,The Ultimate Fighter: Team Ortiz vs. Team Shamrock Finale,"Jun 24, 2006",,,849
71,UFC 60: Hughes vs. Gracie,"May 27, 2006",Staples Center,"Los Angeles, California, U.S.","14,765"
70,UFC 59: Reality Check,"Apr 15, 2006",Arrowhead Pond of Anaheim,"Anaheim, California, U.S.","13,814"
69,UFC Ultimate Fight Night 4,"Apr 6, 2006",Hard Rock Hotel and Casino,"Las Vegas, Nevada, U.S.",843
68,UFC 58: USA vs. Canada,"Mar 4, 2006",Mandalay Bay Events Center,,"9,569"
67,UFC 57: Liddell vs. Couture 3,"Feb 4, 2006",,,"10,659"
66,UFC Ultimate Fight Night 3,"Jan 16, 2006",Hard Rock Hotel and Casino,,"1,008"
65,UFC 56: Full Force,"Nov 19, 2005",MGM Grand Garden Arena,,"12,000"
64,The Ultimate Fighter: Team Hughes vs. Team Franklin Finale,"Nov 5, 2005",Hard Rock Hotel and Casino,,N/A
63,UFC 55: Fury,"Oct 7, 2005",Mohegan Sun Arena,"Uncasville, Connecticut, U.S.","8,000"
62,UFC Ultimate Fight Night 2,"Oct 3, 2005",Hard Rock Hotel and Casino,"Las Vegas, Nevada, U.S.",N/A
61,UFC 54: Boiling Point,"Aug 20, 2005",MGM Grand Garden Arena,,"13,520"
60,UFC Ultimate Fight Night,"Aug 6, 2005",Cox Pavilion,,N/A
59,UFC 53: Heavy Hitters,"Jun 4, 2005",Boardwalk Hall,"Atlantic City, New Jersey, U.S.","12,000"
58,UFC 52: Couture vs. Liddell,"Apr 16, 2005",MGM Grand Garden Arena,"Las Vegas, Nevada, U.S.","14,562"
57,The Ultimate Fighter: Team Couture vs. Team Liddell Finale,"Apr 9, 2005",Cox Pavilion,,N/A
56,UFC 51: Super Saturday,"Feb 5, 2005",Mandalay Bay Events Center,,"11,072"
55,UFC 50: The War of '04,"Oct 22, 2004",Boardwalk Hall,"Atlantic City, New Jersey, U.S.","9,000"
54,UFC 49: Unfinished Business,"Aug 21, 2004",MGM Grand Garden Arena,"Las Vegas, Nevada, U.S.","12,100"
53,UFC 48: Payback,"Jun 19, 2004",Mandalay Bay Events Center,,"10,000"
52,UFC 47: It's On!,"Apr 2, 2004",,,"11,437"
51,UFC 46: Supernatural,"Jan 31, 2004",,,"10,700"
50,UFC 45: Revolution,"Nov 21, 2003",Mohegan Sun Arena,"Uncasville, Connecticut, U.S.","9,200"
49,UFC 44: Undisputed,"Sep 26, 2003",Mandalay Bay Events Center,"Las Vegas, Nevada, U.S.","10,400"
48,UFC 43: Meltdown,"Jun 6, 2003",Thomas & Mack Center,,"9,800"
47,UFC 42: Sudden Impact,"Apr 25, 2003",AmericanAirlines Arena,"Miami, Florida, U.S.","7,500"
46,UFC 41: Onslaught,"Feb 28, 2003",Boardwalk Hall,"Atlantic City, New Jersey, U.S.","11,707"
45,UFC 40: Vendetta,"Nov 22, 2002",MGM Grand Garden Arena,"Las Vegas, Nevada, U.S.","13,770"
44,UFC 39: The Warriors Return,"Sep 27, 2002",Mohegan Sun Arena,"Uncasville, Connecticut, U.S.","7,800"
43,UFC 38: Brawl at the Hall,"Jul 13, 2002",Royal Albert Hall,"London, England, U.K.","5,000"
42,UFC 37.5: As Real As It Gets,"Jun 22, 2002",Bellagio,"Las Vegas, Nevada, U.S.","3,700"
41,UFC 37: High Impact,"May 10, 2002",CenturyTel Center,"Bossier City, Louisiana, U.S.","7,200"
40,UFC 36: Worlds Collide,"Mar 22, 2002",MGM Grand Garden Arena,"Las Vegas, Nevada, U.S.","10,000"
39,UFC 35: Throwdown,"Jan 11, 2002",Mohegan Sun Arena,"Uncasville, Connecticut, U.S.","9,600"
38,UFC 34: High Voltage,"Nov 2, 2001",MGM Grand Garden Arena,"Las Vegas, Nevada, U.S.","9,000"
37,UFC 33: Victory in Vegas,"Sep 28, 2001",Mandalay Bay Events Center,,"9,500"
36,UFC 32: Showdown in the Meadowlands,"Jun 29, 2001",Continental Airlines Arena,"East Rutherford, New Jersey, U.S.","12,500"
35,UFC 31: Locked and Loaded,"May 4, 2001",Trump Taj Mahal,"Atlantic City, New Jersey, U.S.",N/A
34,UFC 30: Battle on the Boardwalk,"Feb 23, 2001",,,"3,000"
33,UFC 29: Defense of the Belts,"Dec 16, 2000",Differ Ariake Arena,"Tokyo, Japan","1,414"
32,UFC 28: High Stakes,"Nov 17, 2000",Trump Taj Mahal,"Atlantic City, New Jersey, U.S.",N/A
31,UFC 27: Ultimate Bad Boyz,"Sep 22, 2000",Lakefront Arena,"New Orleans, Louisiana, U.S.",N/A
30,UFC 26: Ultimate Field of Dreams,"Jun 9, 2000",Five Seasons Events Center,"Cedar Rapids, Iowa, U.S.","1,100"
29,UFC 25: Ultimate Japan 3,"Apr 14, 2000",Yoyogi National Gymnasium,"Tokyo, Japan",N/A
28,UFC 24: First Defense,"Mar 10, 2000",Lake Charles Civic Center,"Lake Charles, Louisiana, U.S.",N/A
27,UFC 23: Ultimate Japan 2,"Nov 19, 1999",Tokyo Bay NK Hall,"Chiba, Japan",N/A
26,UFC 22: Only One Can be Champion,"Sep 24, 1999",Lake Charles Civic Center,"Lake Charles, Louisiana, U.S.",N/A
25,UFC 21: Return of the Champions,"Jul 16, 1999",Five Seasons Events Center,"Cedar Rapids, Iowa, U.S.",N/A
24,UFC 20: Battle for the Gold,"May 7, 1999",Boutwell Memorial Auditorium,"Birmingham, Alabama, U.S.",N/A
23,UFC 19: Ultimate Young Guns,"Mar 5, 1999",Casino Magic Bay St. Louis,"Bay St. Louis, Mississippi, U.S.",N/A
22,UFC 18: The Road to the Heavyweight Title,"Jan 8, 1999",Pontchartrain Center,"New Orleans, Louisiana, U.S.",N/A
21,UFC Brazil: Ultimate Brazil,"Oct 16, 1998",Ginásio da Portuguesa,"São Paulo, Brazil",N/A
20,UFC 17: Redemption,"May 15, 1998",Mobile Civic Center,"Mobile, Alabama, U.S.",N/A
19,UFC 16: Battle in the Bayou,"Mar 13, 1998",Pontchartrain Center,"New Orleans, Louisiana, U.S.","4,600"
18,UFC Japan: Ultimate Japan,"Dec 21, 1997",Yokohama Arena,"Yokohama, Japan","5,000"
17,UFC 15: Collision Course,"Oct 17, 1997",Casino Magic Bay St. Louis,"Bay St. Louis, Mississippi, U.S.",N/A
16,UFC 14: Showdown,"Jul 27, 1997",Boutwell Memorial Auditorium,"Birmingham, Alabama, U.S.","5,000"
15,UFC 13: The Ultimate Force,"May 30, 1997",Augusta Civic Center,"Augusta, Georgia, U.S.","5,100"
14,UFC 12: Judgement Day,"Feb 7, 1997",Dothan Civic Center,"Dothan, Alabama, U.S.","3,100"
13,UFC: The Ultimate Ultimate 2,"Dec 7, 1996",Fair Park Arena,"Birmingham, Alabama, U.S.","6,000"
12,UFC 11: The Proving Ground,"Sep 20, 1996",Augusta Civic Center,"Augusta, Georgia, U.S.","4,500"
11,UFC 10: The Tournament,"Jul 12, 1996",Fair Park Arena,"Birmingham, Alabama, U.S.","4,300"
10,UFC 9: Motor City Madness,"May 17, 1996",Cobo Arena,"Detroit, Michigan, U.S.","10,000"
9,UFC 8: David vs. Goliath,"Feb 16, 1996",Coliseo Rubén Rodríguez,"Bayamón, Puerto Rico","13,000"
8,UFC: The Ultimate Ultimate,"Dec 16, 1995",Mammoth Gardens,"Denver, Colorado, U.S.","2,800"
7,UFC 7: The Brawl in Buffalo,"Sep 8, 1995",Buffalo Memorial Auditorium,"Buffalo, New York, U.S.","9,000"
6,UFC 6: Clash of the Titans,"Jul 14, 1995",Casper Events Center,"Casper, Wyoming, U.S.","2,700"
5,UFC 5: The Return of the Beast,"Apr 7, 1995",Independence Arena,"Charlotte, North Carolina, U.S.","6,000"
4,UFC 4: Revenge of the Warriors,"Dec 16, 1994",Expo Square Pavilion,"Tulsa, Oklahoma, U.S.","5,857"
3,UFC 3: The American Dream,"Sep 9, 1994",Grady Cole Center,"Charlotte, North Carolina, U.S.",N/A
2,UFC 2: No Way Out,"Mar 11, 1994",Mammoth Gardens,"Denver, Colorado, U.S.","2,000"
1,UFC 1: The Beginning,"Nov 12, 1993",McNichols Sports Arena,,"7,800"